--kamila marin,juan fernando muñoz,santigo rios,jhonatan varon= "Equipo de Desarrollo - Aerolínea ELARIS"--
INSERT INTO pais (nombre) VALUES
('Colombia'),('Venezuela'),('Ecuador'),('Perú'),('Brasil'),
('Argentina'),('Chile'),('México'),('España'),('Estados Unidos'),
('Francia'),('Alemania'),('Italia'),('Panamá'),('Costa Rica'),
('Cuba'),('Rep. Dominicana'),('Bolivia'),('Uruguay'),('Paraguay'),
('Guatemala'),('Honduras'),('El Salvador'),('Nicaragua'),('Canadá');

INSERT INTO departamento (nombre, id_pais) VALUES
('Cundinamarca',1),('Antioquia',1),('Valle del Cauca',1),('Atlántico',1),('Bolívar',1),
('Santander',1),('Norte de Santander',1),('Nariño',1),('Cauca',1),('Tolima',1),
('Huila',1),('Risaralda',1),('Caldas',1),('Quindío',1),('Córdoba',1),
('Meta',1),('Magdalena',1),('Cesar',1),('Sucre',1),('Boyacá',1),
('Com. de Madrid',9),('Florida',10),('Prov. Buenos Aires',6),
('Ciudad de México',8),('Quintana Roo',8);

INSERT INTO ciudad (nombre, id_departamento) VALUES
('Bogotá',1),('Medellín',2),('Cali',3),('Barranquilla',4),('Cartagena',5),
('Bucaramanga',6),('Cúcuta',7),('Pasto',8),('Popayán',9),('Ibagué',10),
('Neiva',11),('Pereira',12),('Manizales',13),('Armenia',14),('Montería',15),
('Villavicencio',16),('Santa Marta',17),('Valledupar',18),('Sincelejo',19),('Tunja',20),
('Madrid',21),('Miami',22),('Buenos Aires',23),('Ciudad de México',24),('Cancún',25);

INSERT INTO usuario (nombre_usuario, contrasena, id_rol) VALUES
('jgonzalez','$2a$10$N9qo8uLOickgx2ZMRZoMyeIjZAgcfl7p92ldGxad68LJZdL17lhuO',3),
('mrodriguez','$2a$10$N9qo8uLOickgx2ZMRZoMyeIjZAgcfl7p92ldGxad68LJZdL17lhuO',3),
('amarinez','$2a$10$N9qo8uLOickgx2ZMRZoMyeIjZAgcfl7p92ldGxad68LJZdL17lhuO',3),
('lhernandez','$2a$10$N9qo8uLOickgx2ZMRZoMyeIjZAgcfl7p92ldGxad68LJZdL17lhuO',3),
('clopez','$2a$10$N9qo8uLOickgx2ZMRZoMyeIjZAgcfl7p92ldGxad68LJZdL17lhuO',3),
('dgomez','$2a$10$N9qo8uLOickgx2ZMRZoMyeIjZAgcfl7p92ldGxad68LJZdL17lhuO',3),
('sdiaz','$2a$10$N9qo8uLOickgx2ZMRZoMyeIjZAgcfl7p92ldGxad68LJZdL17lhuO',3),
('jmoreno','$2a$10$N9qo8uLOickgx2ZMRZoMyeIjZAgcfl7p92ldGxad68LJZdL17lhuO',3),
('rmunoz','$2a$10$N9qo8uLOickgx2ZMRZoMyeIjZAgcfl7p92ldGxad68LJZdL17lhuO',3),
('palvarez','$2a$10$N9qo8uLOickgx2ZMRZoMyeIjZAgcfl7p92ldGxad68LJZdL17lhuO',3),
('njimenez','$2a$10$N9qo8uLOickgx2ZMRZoMyeIjZAgcfl7p92ldGxad68LJZdL17lhuO',3),
('yruiz','$2a$10$N9qo8uLOickgx2ZMRZoMyeIjZAgcfl7p92ldGxad68LJZdL17lhuO',3),
('fflorez','$2a$10$N9qo8uLOickgx2ZMRZoMyeIjZAgcfl7p92ldGxad68LJZdL17lhuO',3),
('eguerra','$2a$10$N9qo8uLOickgx2ZMRZoMyeIjZAgcfl7p92ldGxad68LJZdL17lhuO',3),
('bmedina','$2a$10$N9qo8uLOickgx2ZMRZoMyeIjZAgcfl7p92ldGxad68LJZdL17lhuO',3),
('ocastillo','$2a$10$N9qo8uLOickgx2ZMRZoMyeIjZAgcfl7p92ldGxad68LJZdL17lhuO',3),
('hvargas','$2a$10$N9qo8uLOickgx2ZMRZoMyeIjZAgcfl7p92ldGxad68LJZdL17lhuO',3),
('isolano','$2a$10$N9qo8uLOickgx2ZMRZoMyeIjZAgcfl7p92ldGxad68LJZdL17lhuO',3),
('kcardona','$2a$10$N9qo8uLOickgx2ZMRZoMyeIjZAgcfl7p92ldGxad68LJZdL17lhuO',3),
('trojas','$2a$10$N9qo8uLOickgx2ZMRZoMyeIjZAgcfl7p92ldGxad68LJZdL17lhuO',3),
('aospina','$2a$10$N9qo8uLOickgx2ZMRZoMyeIjZAgcfl7p92ldGxad68LJZdL17lhuO',3),
('vpena','$2a$10$N9qo8uLOickgx2ZMRZoMyeIjZAgcfl7p92ldGxad68LJZdL17lhuO',3),
('rcorrea','$2a$10$N9qo8uLOickgx2ZMRZoMyeIjZAgcfl7p92ldGxad68LJZdL17lhuO',3),
('emendez','$2a$10$N9qo8uLOickgx2ZMRZoMyeIjZAgcfl7p92ldGxad68LJZdL17lhuO',3),
('nsalazar','$2a$10$N9qo8uLOickgx2ZMRZoMyeIjZAgcfl7p92ldGxad68LJZdL17lhuO',3),

('superadmin','$2a$10$N9qo8uLOickgx2ZMRZoMyeIjZAgcfl7p92ldGxad68LJZdL17lhuO',1),
('admin_elaris','$2a$10$N9qo8uLOickgx2ZMRZoMyeIjZAgcfl7p92ldGxad68LJZdL17lhuO',1),
('agente_sofia','$2a$10$N9qo8uLOickgx2ZMRZoMyeIjZAgcfl7p92ldGxad68LJZdL17lhuO',2),
('agente_carlos','$2a$10$N9qo8uLOickgx2ZMRZoMyeIjZAgcfl7p92ldGxad68LJZdL17lhuO',2),
('agente_luz','$2a$10$N9qo8uLOickgx2ZMRZoMyeIjZAgcfl7p92ldGxad68LJZdL17lhuO',2);

INSERT INTO cliente (numero_identificacion, tipo_identificacion, nombres, apellidos, correo, direccion, id_ciudad, telefono_principal, telefono_alterno, id_usuario) VALUES
('1020304050','Cédula','Juan','González','jgonzalez@correo.com','Calle 10 # 5-20',1,'+57 310 111 0001',NULL,1),
('1020304051','Cédula','María','Rodríguez','mrodriguez@correo.com','Cra 15 # 80-45',2,'+57 310 111 0002','+57 311 222 0002',2),
('1020304052','Cédula','Ana','Mariñez','amarinez@correo.com','Av. 6N # 21-10',3,'+57 310 111 0003',NULL,3),
('1020304053','Cédula','Luis','Hernández','lhernandez@correo.com','Calle 50 # 40-00',4,'+57 310 111 0004',NULL,4),
('1020304054','Cédula','Camila','López','clopez@correo.com','Cra 45 # 26-85',5,'+57 310 111 0005',NULL,5),
('1020304055','Cédula','Diego','Gómez','dgomez@correo.com','Calle 30 # 12-00',6,'+57 310 111 0006','+57 312 222 0006',6),
('1020304056','Pasaporte','Sandra','Díaz','sdiaz@correo.com','Av. Norte # 15-30',7,'+57 310 111 0007',NULL,7),
('1020304057','Cédula','Jorge','Moreno','jmoreno@correo.com','Calle 7 # 3-10',8,'+57 310 111 0008',NULL,8),
('1020304058','Cédula','Rosa','Muñoz','rmunoz@correo.com','Cra 8 # 18-55',9,'+57 310 111 0009',NULL,9),
('1020304059','Cédula','Pedro','Álvarez','palvarez@correo.com','Calle 25 # 60-11',10,'+57 310 111 0010','+57 313 333 0010',10),
('1020304060','Cédula','Natalia','Jiménez','njimenez@correo.com','Cra 20 # 50-00',11,'+57 310 111 0011',NULL,11),
('1020304061','Pasaporte','Yamile','Ruiz','yruiz@correo.com','Calle 100 # 15-20',12,'+57 310 111 0012',NULL,12),
('1020304062','Cédula','Felipe','Flórez','fflorez@correo.com','Cra 50 # 10-40',13,'+57 310 111 0013',NULL,13),
('1020304063','Cédula','Edgar','Guerra','eguerra@correo.com','Calle 4 # 8-00',14,'+57 310 111 0014','+57 314 444 0014',14),
('1020304064','Cédula','Blanca','Medina','bmedina@correo.com','Av. El Palo # 1-20',15,'+57 310 111 0015',NULL,15),
('1020304065','Cédula','Omar','Castillo','ocastillo@correo.com','Cra 18 # 22-80',16,'+57 310 111 0016',NULL,16),
('1020304066','Pasaporte','Helena','Vargas','hvargas@correo.com','Calle 19 # 9-10',17,'+57 310 111 0017',NULL,17),
('1020304067','Cédula','Iván','Solano','isolano@correo.com','Cra 35 # 42-15',18,'+57 310 111 0018','+57 315 555 0018',18),
('1020304068','Cédula','Karen','Cardona','kcardona@correo.com','Calle 77 # 55-00',19,'+57 310 111 0019',NULL,19),
('1020304069','Cédula','Tomás','Rojas','trojas@correo.com','Cra 1 # 15-30',20,'+57 310 111 0020',NULL,20),
('1020304070','Cédula','Andrés','Ospina','aospina@correo.com','Calle 60 # 30-10',1,'+57 310 111 0021',NULL,21),
('1020304071','Cédula','Valentina','Peña','vpena@correo.com','Cra 22 # 11-05',2,'+57 310 111 0022','+57 316 666 0022',22),
('1020304072','Pasaporte','Ricardo','Correa','rcorrea@correo.com','Av. 30 # 50-20',3,'+57 310 111 0023',NULL,23),
('1020304073','Cédula','Elena','Méndez','emendez@correo.com','Calle 90 # 17-45',4,'+57 310 111 0024',NULL,24),
('1020304074','Cédula','Nicolás','Salazar','nsalazar@correo.com','Cra 40 # 28-00',5,'+57 310 111 0025',NULL,25);

INSERT INTO vuelo (cod_vuelo, id_ciudad_origen, id_ciudad_destino, fecha_hora_salida, fecha_hora_llegada, capacidad_pasajeros, precio_base, estado_vuelo) VALUES
('EL-001',1,2,'2026-07-01 06:00:00','2026-07-01 07:00:00',180,280000.00,'Programado'),
('EL-002',1,3,'2026-07-01 08:00:00','2026-07-01 09:10:00',180,320000.00,'Programado'),
('EL-003',1,5,'2026-07-02 07:00:00','2026-07-02 08:20:00',200,450000.00,'Programado'),
('EL-004',2,1,'2026-07-02 09:00:00','2026-07-02 10:00:00',180,280000.00,'Programado'),
('EL-005',3,1,'2026-07-03 06:30:00','2026-07-03 07:40:00',160,310000.00,'Programado'),
('EL-006',1,21,'2026-07-05 22:00:00','2026-07-06 14:00:00',300,3200000.00,'Programado'),
('EL-007',1,22,'2026-07-06 11:00:00','2026-07-06 19:00:00',250,2800000.00,'Programado'),
('EL-008',2,25,'2026-07-07 10:00:00','2026-07-07 16:00:00',220,2500000.00,'Programado'),
('EL-009',1,23,'2026-07-08 23:00:00','2026-07-09 07:00:00',280,3500000.00,'Programado'),
('EL-010',1,24,'2026-07-09 08:00:00','2026-07-09 14:00:00',200,1900000.00,'Programado'),
('EL-011',4,1,'2026-07-10 07:00:00','2026-07-10 08:30:00',160,350000.00,'Programado'),
('EL-012',5,2,'2026-07-11 06:00:00','2026-07-11 07:30:00',160,380000.00,'Programado'),
('EL-013',1,6,'2026-07-12 09:00:00','2026-07-12 10:00:00',150,260000.00,'Programado'),
('EL-014',6,1,'2026-07-13 11:00:00','2026-07-13 12:00:00',150,260000.00,'Programado'),
('EL-015',3,5,'2026-07-14 07:30:00','2026-07-14 08:40:00',140,340000.00,'Programado'),
('EL-016',2,22,'2026-07-15 13:00:00','2026-07-15 19:30:00',240,2600000.00,'Programado'),
('EL-017',1,12,'2026-07-16 06:00:00','2026-07-16 06:50:00',120,220000.00,'Programado'),
('EL-018',1,17,'2026-07-17 08:00:00','2026-07-17 09:10:00',150,310000.00,'Programado'),
('EL-019',12,1,'2026-07-18 10:00:00','2026-07-18 10:50:00',120,220000.00,'Programado'),
('EL-020',17,1,'2026-07-19 12:00:00','2026-07-19 13:10:00',150,310000.00,'Programado'),
('EL-021',1,11,'2026-07-20 07:00:00','2026-07-20 08:00:00',130,240000.00,'Programado'),
('EL-022',3,23,'2026-07-21 20:00:00','2026-07-22 06:00:00',260,3400000.00,'Programado'),
('EL-023',4,21,'2026-07-22 21:00:00','2026-07-23 13:00:00',290,3300000.00,'Programado'),
('EL-024',2,24,'2026-07-23 07:00:00','2026-07-23 13:00:00',200,1800000.00,'Programado'),
('EL-025',5,25,'2026-07-24 09:00:00','2026-07-24 14:30:00',180,2200000.00,'Programado');

INSERT INTO reserva (id_cliente, id_vuelo, id_estado, valor_total) VALUES
(1,1,2,280000.00),(2,2,2,320000.00),(3,3,1,450000.00),(4,4,2,280000.00),(5,5,1,310000.00),
(6,6,2,3200000.00),(7,7,2,2800000.00),(8,8,1,2500000.00),(9,9,3,3500000.00),(10,10,2,1900000.00),
(11,11,1,350000.00),(12,12,2,380000.00),(13,13,1,260000.00),(14,14,2,260000.00),(15,15,3,340000.00),
(16,16,2,2600000.00),(17,17,1,220000.00),(18,18,2,310000.00),(19,19,4,220000.00),(20,20,2,310000.00),
(21,21,1,240000.00),(22,22,2,3400000.00),(23,23,1,3300000.00),(24,24,2,1800000.00),(25,25,1,2200000.00);

INSERT INTO tiquete (num_asiento, clase_tiquete, precio_final, id_reserva) VALUES
('12A','Económica',280000.00,1),('5B','Ejecutiva',640000.00,2),('1A','Primera clase',1350000.00,3),
('18C','Económica',280000.00,4),('22D','Económica',310000.00,5),('3B','Primera clase',9600000.00,6),
('7A','Ejecutiva',5600000.00,7),('15C','Económica',2500000.00,8),('2A','Primera clase',10500000.00,9),
('11B','Ejecutiva',3800000.00,10),('20A','Económica',350000.00,11),('9C','Económica',380000.00,12),
('14D','Económica',260000.00,13),('16A','Económica',260000.00,14),('8B','Ejecutiva',680000.00,15),
('4A','Primera clase',7800000.00,16),('25C','Económica',220000.00,17),('13B','Económica',310000.00,18),
('19A','Económica',220000.00,19),('6D','Económica',310000.00,20),('21C','Económica',240000.00,21),
('2B','Ejecutiva',6800000.00,22),('1C','Primera clase',9900000.00,23),('10A','Ejecutiva',3600000.00,24),
('17B','Económica',2200000.00,25);

INSERT INTO paquete_turistico (nombre_paquete, descripcion, sector_destino, precio, estado) VALUES
('Hotel 3N Madrid','3 noches hotel céntrico en Madrid','Madrid',1200000.00,'Disponible'),
('Tour Ciudad de Madrid','City tour guiado Madrid 8h','Madrid',450000.00,'Disponible'),
('Hotel 5N Miami Beach','5 noches frente al mar en Miami','Miami',2800000.00,'Disponible'),
('Traslado Aeropuerto Miami','Transfer ida y vuelta aeropuerto','Miami',180000.00,'Disponible'),
('Tour Everglades','Excursión de día completo Everglades','Miami',650000.00,'Disponible'),
('Hotel 4N Buenos Aires','4 noches en Palermo BA','Buenos Aires',1500000.00,'Disponible'),
('Tango Show BA','Cena show de tango en San Telmo','Buenos Aires',380000.00,'Disponible'),
('Tour Colonia del Sacramento','Excursión Colonia ferry','Buenos Aires',520000.00,'Disponible'),
('Hotel 3N CDMX','3 noches hotel Polanco','Ciudad de México',900000.00,'Disponible'),
('Tour Teotihuacán','Excursión pirámides y museo','Ciudad de México',320000.00,'Disponible'),
('Hotel 5N Cancún All-inclusive','5 noches todo incluido zona hotelera','Cancún',3500000.00,'Disponible'),
('Snorkel Isla Mujeres','Día de snorkel en Isla Mujeres','Cancún',420000.00,'Disponible'),
('Tour Chichén Itzá','Excursión día completo Chichén Itzá','Cancún',480000.00,'Disponible'),
('Hotel 2N Cartagena','2 noches hotel histórico Cartagena','Cartagena',680000.00,'Disponible'),
('City Tour Cartagena','Recorrido histórico amurallado','Cartagena',180000.00,'Disponible'),
('Hotel 2N Santa Marta','2 noches cerca a Tayrona','Santa Marta',720000.00,'Disponible'),
('Tour Parque Tayrona','Día en Parque Tayrona','Santa Marta',250000.00,'Disponible'),
('Hotel 3N Medellín','3 noches hotel El Poblado','Medellín',750000.00,'Disponible'),
('Tour Guatapé','Excursión Guatapé y Peñol','Medellín',220000.00,'Disponible'),
('Hotel 2N Cali','2 noches hotel norte de Cali','Cali',480000.00,'Disponible'),
('Tour Salsa Cali','Clase de salsa y noche caleña','Cali',160000.00,'Disponible'),
('Seguro de Viaje Global','Cobertura médica internacional 15 días','Internacional',320000.00,'Disponible'),
('Seguro de Equipaje','Cobertura pérdida de equipaje','Internacional',120000.00,'Disponible'),
('Transporte Terrestre Bogotá','Traslado hotel-aeropuerto Bogotá','Bogotá',90000.00,'Disponible'),
('Hotel 1N Bogotá Tránsito','1 noche para escala en Bogotá','Bogotá',350000.00,'No disponible');

INSERT INTO reserva_paquete (id_reserva, id_paquete) VALUES
(6,1),(6,2),(7,3),(7,4),(8,5),(9,6),(9,7),(10,9),(10,10),(16,3),
(16,4),(22,6),(22,8),(23,1),(24,9),(24,10),(25,11),(25,12),(1,14),
(1,15),(2,18),(3,22),(4,23),(5,24),(12,17);

INSERT INTO historial_estado_reserva (id_reserva, id_estado, fecha_hora_cambio) VALUES
(1,1,'2026-06-01 10:00:00'),(1,2,'2026-06-02 14:30:00'),
(2,1,'2026-06-01 11:00:00'),(2,2,'2026-06-03 09:00:00'),
(3,1,'2026-06-02 08:00:00'),
(4,1,'2026-06-02 09:30:00'),(4,2,'2026-06-04 10:00:00'),
(5,1,'2026-06-03 07:00:00'),
(6,1,'2026-06-03 12:00:00'),(6,2,'2026-06-05 16:00:00'),
(7,1,'2026-06-04 08:00:00'),(7,2,'2026-06-06 11:00:00'),
(8,1,'2026-06-05 10:00:00'),
(9,1,'2026-06-05 14:00:00'),(9,3,'2026-06-07 09:00:00'),
(10,1,'2026-06-06 08:00:00'),(10,2,'2026-06-08 13:00:00'),
(15,1,'2026-06-07 09:00:00'),(15,3,'2026-06-09 10:00:00'),
(16,1,'2026-06-08 11:00:00'),(16,2,'2026-06-10 15:00:00'),
(19,1,'2026-06-09 07:00:00'),(19,4,'2026-06-30 00:00:00'),
(22,1,'2026-06-10 08:00:00'),(22,2,'2026-06-12 14:00:00');